LETRA;PISO;NOMBRE Y APELLIDO;jul-26;ago-26;sep-26;oct-26;nov-26;dic-26;ene-27;feb-27;mar-27;abr-27;may-27;jun-27;3y4 dormi;Morosos;escidal
A;3;JESMY AMANDA PALENQUE;154,05;154,03;154,10;;;;;;;;;;;;
B;3;NATHALIE CASTRO INOFUENTE;193,29;191,44;;;;;;;;;;;;;
C;3;JOSE MANUEL BUSTILLOS;;;;;;;;;;;;;;;
D;3;ABDON FELIPE SERNA OLAÑETA;92,91;;93,86;;;;;;;;;;;;
E;3;JULIETA MAMANI DE NINA;;;;;;;;;;;;;x;x;
F;3;BRIGITTE VARGAS/SHAKIRA VIDAL;;;;;;;;;;;;;;;
A;4;JULIO RIVERA BRETEL;196,13;;;;;;;;;;;;;;
B;4;MANUEL A. LIRA ORTIZ;;;;;;;;;;;;;;x;
C;4;SIRLEY VALENCIA/ANGEL VALENCVIA SIRPA;;;;;;;;;;;;;;x;
D;4;HAAN CARLA RODRIGUEZ;120,46;115,12;;;;;;;;;;;;;
E;4;ELIZABETH PAREDES SARDON;;;;;;;;;;;;;x;x;
F;4;LOURDES LIMA TELLEZ;183,74;187,15;;;;;;;;;;;;;
A;5;MAIDA MENDIA/ JAIME TAKATA;224,35;;;;;;;;;;;;;;
B;5;CINTIA ALVARADO/SAMUEL LIMACHI;;;;;;;;;;;;;;x;
C;5;LUZ  TICONA QUISPE;;;;;;;;;;;;;;;
D;5;MARCELO LOZA/ MARCOS RODRIGUEZ;147,76;;;;;;;;;;;;;;
E;5;GERMAN HUANCA C./EMILIANA MAMANI;;;;;;;;;;;;;x;x;
F;5;ROCIO MABEL ALBERTO PATY;227,59;232,49;;;;;;;;;;;;;
A;6;REYNA VARGAS;166,38;170,31;;;;;;;;;;;;;
B;6;PALMIRA ARANDIA DE CALDERON/BORIS C;;;;;;;;;;;;;;x;
C;6;ELIANA MOLLINEDO/ SIVILA/MIGUEL AMOS;161,99;;;;;;;;;;;;;x;
D;6;NELSON RODRIGUEZ/PAOLA SALMON;167,31;171,34;;;;;;;;;;;;;
E;6;PAULINA CRUZ PINTO;;;;;;;;;;;;;x;x;
F;6;BEATRIZ GONZALES DURAN;;;;;;;;;;;;;;;
A;7;EDUARDO FERNANDEZ;;;;;;;;;;;;;;x;
B;7;LIDIA ALARCON/HUGO E, ZUZARA CARPIO;179,76;178,36;;;;;;;;;;;;;
C;7;MARIO FLORES LOPEZ;168,37;178,51;;;;;;;;;;;;;
D;7;MARTHA LIZARAZU/FROILAN LOPEZ CH.;92,58;92,00;;;;;;;;;;;;;
E;7;CIDAL LTDA.;;;;;;;;;;;;;;;x
F;7;ROMAN CALDERON/ANGELA TERRAZAS M.;165,36;166,64;;;;;;;;;;;;;
A;8;MOISES CABRERA/ELIANA TORRES;;;219,98;;;;;;;;;;;;
B;8;IRMA ZABALETA;199,14;197,17;;;;;;;;;;;;;
C;8;CARLOS ALIAGA LIMA;181,53;;;;;;;;;;;;;;
D;8;PAMELA MOLLINEDO/ROXANA PEREZ;131,26;131,04;;;;;;;;;;;;;
E;8;WARA SALINAS NINA;242,05;240,18;;;;;;;;;;;x;;
F;8;MARIA DEL PILAR AMAYA;172,42;182,86;;;;;;;;;;;;;
A;9;MASSIEL BALBOA;220,61;256,02;;;;;;;;;;;;;
B;9;PEDRO CALANI/ANA C. DONAIRE;211,63;216,89;;;;;;;;;;;;x;
C;9;VIVIANA CONDORI HUALLPA;156,42;154,82;;;;;;;;;;;;;
D;9;MARIA EUGENIA MERCADO;;102,31;;;;;;;;;;;;;
E;9;DORA WILMA VARGAS CALLISAYA;266,00;266,14;;;;;;;;;;;x;x;
F;9;REYNA MEDRANO ESCOBAR;149,43;149,49;;;;;;;;;;;;;
A;10;MARCELO USCAMAITA;;;;;;;;;;;;;;;
B;10;JOSE LUIS QUISPE FLORES;;;;;;;;;;;;;;x;
C;10;ISAAC CARDENAS MORALES;155,32;155,66;;;;;;;;;;;;;
D;10;DIEGO QUINTEROS SAAVEDRA;;;;;;;;;;;;;;x;
E;10;JIMENA APAZA MAMANI;402,96;;;;;;;;;;;;x;;
F;10;DANIEL GONZALES CUSICANQUI;192,34;188,17;;;;;;;;;;;;;
A;11;NOHELY CARLA  HUANCA ARGANI;184,42;176,01;;;;;;;;;;;;;
B;11;XIMENA ORELLANA B/;179,95;191,41;;;;;;;;;;;;;
C;11;ANA A. URIA PONCE/ JORGE VASQUEZ;216,45;;;;;;;;;;;;;;
D;11;LAURA GEMIO/WILMER CABRERA G.;130,83;;;;;;;;;;;;;;
E;11;CIDAL LTDA.;;;;;;;;;;;;;;;x
F;11;ANDREA RODRIGUEZ HUANCA/ CARLOS VALLE;232,81;228,91;229,54;;;;;;;;;;;;
A;12;JHONNY CARVAJAL PEREZ;171,66;168,95;;;;;;;;;;;;;
B;12;PABLO FERNANDEZ B/JOEL HERNANDEZ;;;;;;;;;;;;;;x;
C;12;LISSET MENDEZ/LUIS FERNANDEZ;204,49;;;;;;;;;;;;;;
D;12;ERIKA LEON HERBAS;106,78;108,66;;;;;;;;;;;;;
E;12;BLANCA MIRANDA/LUIGUI VARGAS;;;;;;;;;;;;;x;x;
F;12;PEDRO GONZA QUENALLATA;172,90;;;;;;;;;;;;;;
A;13;CLAUDIA COAQUIRA AYAVIRI;198,58;199,04;;;;;;;;;;;;x;
B;13;MIGUEL BUSTILLOS/INGRID MARTINEZ;226,69;215,15;;;;;;;;;;;;;
C;13;IVAN ORLANDO MIRANDA TICONA;;;;;;;;;;;;;;x;
D;13;MARIA LUISA PEÑALOZA VILA;99,10;;;;;;;;;;;;;;
E;13;ALVARO DURAN;306,76;;;;;;;;;;;;x;x;
F;13;HUGO MACHICADO;;;;;;;;;;;;;;x;
A;14;JHONATTAN CASTRO;186,30;228,99;;;;;;;;;;;;;
B;14;VANIA ARAOZ PEREZ;238,76;240,23;;;;;;;;;;;;;
C;14;OSCAR GAUSS CARVAJAL ;165,92;;;;;;;;;;;;;;
D;14;JAVIER RODRIGO OJEDA OICAMPO;;;;;;;;;;;;;;;
E;14;CIDAL LTDA;;;;;;;;;;;;;x;;
F;14;CRISTIAN ALCON;174,96;177,16;;;;;;;;;;;;;
A;15;EDGAR PAZ;182,94;191,42;;;;;;;; ;;;;;
B;15;MANUEL RAFAEL HIDALGO/STEFANY RAFAEL;180,28;;;;;;;;;;;;;;
C;15;NANCY CHOQUE/DANIEL RODRIGO M,;190,83;;;;;;;;;;;;;;
D;15;HENRY QUISPE;159,70;151,76;148,80;;;;;;;;;;;;
E;15;WILMA IGLESIAS BEDOYA;;;;;;;;;;;;;x;x;
F;15;MICAELA DAFNE ALANES CUBA;172,42;;;;;;;;;;;;;;
A;16;PABEL SAINZ E,/ERICK JARANDILLA;;;;;;;;;;;;;;;
B;16;ROXANA MAMANI R./LUIS FERNANDO QUISPE;237,30;237,32;;;;;;;;;;;;;
C;16;ROSMERY MAMANI;219,89;203,48;226,18;;;;;;;;;;;;
D;16;VERONICA LEYVA MEDINA;115,71;116,20;118,29;;;;;;;;;;;;
E;16;CIDAL LTDA.;;;;;;;;;;;;;;;x
F;16;ALVARO ANTICALLE;194,83;;;;;;;;;;;;;;
A;17;DANIEL MANRRIQUE;176,55;179,91;183,52;;;;;;;;;;;;
B;17;ALEJANDRA SALAZAR/RODRIGO MONTAÑO;218,59;218,02;220,59;;;;;;;;;;;;
C;17;EDDY ALFARO P.;145,05;151,48;154,84;;;;;;;;;;;;
DE;17;CIDAL LTDA,;;;;;;;;;;;;;;;x
F;17;RODRIGO AGUILAR;163,06;162,08;159,38;;;;;;;;;;;;
AF;18;CIDAL LTDA,;;;;;;;;;;;;;;;x
B;18;JAIME CRUZ;247,17;239,02;;;;;;;;;;;;;
C;18;SANDRA MALLEA;;;;;;;;;;;;;;x;
DE;18;CARLA JIMENEZ/SANDRO MEDRANO;;;;;;;;;;;;;x;x;
AF;19;CIDAL LTDA,;;;;;;;;;;;;;;;x
B;19;SERGIO ALIAGA RIOS;187,72;183,49;179,77;;;;;;;;;;;;
C;19;ANDREA PACSI COPANA;233,10;234,10;;;;;;;;;;;;;
DE;19;CIDAL LTDA,;;;;;;;;;;;;;;;x
AF;20;CIDAL LTDA,;;;;;;;;;;;;;;;x
B;20;RAQUEL GUTIERREZ FLORES;;;;;;;;;;;;;;;
C;20;CATHERIN ROJAS C,/MIGUELA,CORONADO;145,00;145,00;;;;;;;;;;;;;
DE;20;GRACE FERNANDEZ;;;;;;;;;;;;;x;x;
A;21;CIDAL LTDA,;;;;;;;;;;;;;;;x
B;21;ROLY CHAVEZ HUANCA;;;;;;;;;;;;;;;
C;21;CIDAL LTDA,;;;;;;;;;;;;;;;x
B;22;FABIOLA LAURA VARGAS;;;;;;;;;;;;;;x;
C;22;CIDAL LTDA,;;;;;;;;;;;;;;;x
AC;;LAVANDERIA;;;;;;;;;;;;;;;
;;GIMNASIO;;;;;;;;;;;;;;;
